"Immigrations by citizenship, country of last residence and time"

" "," ","2007","2008","2009","2010","2011","2012","2013","2014","2015","2016","2017"
"EU/EEA countries"
" ","EU/EEA countries",23278,28967,24850,24709,26125,28017,29404,32972,34003,32971,33739
" ","Countries outside EU/EEA",483,574,538,663,713,792,862,1097,1315,1720,1840
"Countries outside EU/EEA"
" ","EU/EEA countries",1150,1491,1867,2135,1834,1835,2291,1898,1827,1866,1961
" ","Countries outside EU/EEA",17620,19747,18572,19988,19975,19763,24165,29236,38786,35306,29537

"The 11. May 2016 the data is revised due to previous published data. "

